Station Name,Line,Station Number,Lattitude,Longitude,ID
Van Cordlandt Park - 242 Street,1,1,40.889222,-73.898583,101
238 Street,1,2,40.885097,-73.900608,102
231 Street,1,3,40.879,-73.905,103
Marble Hill - 225 Street,1,4,40.874,-73.91,104
215 Street,1,5,40.869473,-73.915074,105
207 Street,1,6,40.8644,-73.9189,106
Dyckman Street,1,7,40.861,-73.925,107
191 Street,1,8,40.855,-73.929,108
181 Street,1,9,40.849,-73.934,109
168 Street - Washington Heights,1,10,40.841022,-73.939791,110
157 Street,1,11,40.834,-73.944,111
145 Street,1,12,40.826,-73.95,112
137 Street - City College,1,13,40.821,-73.954,113
125 Street,1,14,40.815,-73.958,114
116 Street - Columbia University,1,15,40.808,-73.964,115
Cathedral Pkwy (110 Street),1,16,40.804,-73.967,116
103 Street,1,17,40.799419,-73.968158,117
96 Street,1,18,40.7941,-73.972,118
86 Street,1,19,40.7883,-73.9764,119
79 Street,1,20,40.784,-73.98,120
72 Street,1,21,40.779,-73.982,121
66 Street - Lincoln Center,1,22,40.774,-73.982,122
59 Street - Columbus Circle,1,23,40.767997,-73.981934,123
50 Street,1,24,40.761,-73.984,124
Times Square - 42 Street,1,25,40.756,-73.987,125
34 Street - Penn Station,1,26,40.751,-73.991,126
28 Street,1,27,40.747,-73.993,127
23 Street,1,28,40.744,-73.996,128
18 Street,1,29,40.741,-73.998,129
14 Street,1,30,40.737328,-73.996796,130
Christopher Street - Sheridan Square,1,31,40.733,-74.003,131
Houston Street,1,32,40.728592,-74.005322,132
Canal Street,1,33,40.722,-74.006,133
Franklin Street,1,34,40.719,-74.007,134
Chambers Street,1,35,40.715517,-74.009233,135
Cortlandt Street,1,36,40.71,-74.012,136
Rector Street,1,37,40.708,-74.013,137
South Ferry,1,38,40.702472,-74.012833,138
Wakefield - 241 Street,2,1,40.903,-73.85,201
Nereid Avenue,2,2,40.898,-73.854,202
223 Street,2,3,40.893,-73.857,203
225 Street,2,4,40.888,-73.86,204
219 Street,2,5,40.883,-73.863,205
Gun Hill Road,2,6,40.877,-73.867,206
Burke Avenue,2,7,40.871,-73.867,207
Allerton Avenue,2,8,40.865,-73.867,208
Pelham Parkway,2,9,40.857,-73.868,209
Bronx Park East,2,10,40.849,-73.868,210
East 180 Street,2,11,40.841,-73.874,211
West Farms Square - East Tremont Avenue,2,12,40.84,-73.88,212
174 Street,2,13,40.837,-73.888,213
Freeman Street,2,14,40.83,-73.892,214
Simpson Street,2,15,40.824,-73.893,215
Intervale Avenue,2,16,40.822,-73.897,216
Prospect Avenue,2,17,40.819,-73.901,217
Jackson Avenue,2,18,40.8163,-73.908,218
3 Avenue - 149 Street,2,19,40.816099,-73.917676,219
149 Street - Grand Concourse,2,20,40.8181,-73.9275,220
135 Street,2,21,40.814,-73.941,221
125 Street,2,22,40.807,-73.945,222
116 Street,2,23,40.802,-73.95,223
Central Park North (110 Street),2,24,40.798,-73.953,224
96 Street,2,25,40.7941,-73.972,225
86 Street,2,26,40.7883,-73.9764,226
79 Street,2,27,40.784,-73.98,227
72 Street,2,28,40.779,-73.982,228
66 Street - Lincoln Center,2,29,40.774,-73.982,229
59 Street - Columbus Circle,2,30,40.767997,-73.981934,230
50 Street,2,31,40.761,-73.984,231
Times Square - 42 Street,2,32,40.756,-73.987,232
34 Street - Penn Station,2,33,40.751,-73.991,233
28 Street,2,34,40.747,-73.993,234
23 Street,2,35,40.744,-73.996,235
18 Street,2,36,40.741,-73.998,236
14 Street,2,37,40.737328,-73.996796,237
Christopher Street - Sheridan Square,2,38,40.733,-74.003,238
Houston Street,2,39,40.728592,-74.005322,239
Canal Street,2,40,40.722,-74.006,240
Franklin Street,2,41,40.719,-74.007,241
Chambers Street,2,42,40.715517,-74.009233,242
Park Place,2,43,40.712655,-74.009657,243
Fulton Street,2,44,40.710206,-74.007744,244
Wall Street,2,45,40.706311,-74.009528,245
Clark Street,2,46,40.6974,-73.9931,246
Borough Hall,2,47,40.693655,-73.990216,247
Hoyt Street,2,48,40.690531,-73.985109,248
Nevins Street,2,49,40.688709,-73.980904,249
Atlantic Avenue,2,50,40.684462,-73.978758,250
Bergen Street,2,51,40.680833,-73.97511,251
Grand Army Plaza,2,52,40.674584,-73.970518,252
East Parkway - Brooklyn Museum,2,53,40.671622,-73.96275,253
Franklin Avenue,2,54,40.670711,-73.958545,254
President Street,2,55,40.668009,-73.950691,255
Sterling Street,2,56,40.663061,-73.950863,256
Winthrop Street,2,57,40.657039,-73.950262,257
Church Avenue,2,58,40.650755,-73.950005,258
Beverly Road,2,59,40.645122,-73.94906,259
Newkirk Avenue,2,60,40.639912,-73.94846,260
Flatbush Avenue - Brooklyn College,2,61,40.632361,-73.947486,261
Harlem - 148 Street,3,1,40.824,-73.937,301
145 Street,3,2,40.82,-73.936,302
135 Street,3,3,40.814,-73.941,303
125 Street,3,4,40.807,-73.945,304
116 Street,3,5,40.802,-73.95,305
Central Park North (110 Street),3,6,40.798,-73.953,306
96 Street,3,7,40.7941,-73.972,307
72 Street,3,8,40.779,-73.982,308
Times Square - 42 Street,3,9,40.756,-73.987,309
34 Street - Penn Station,3,10,40.751,-73.991,310
14 Street,3,11,40.737328,-73.996796,311
Chambers Street,3,12,40.715517,-74.009233,312
Park Place,3,13,40.712655,-74.009657,313
Fulton Street,3,14,40.710206,-74.007744,314
Wall Street,3,15,40.706311,-74.009528,315
Clark Street,3,16,40.6974,-73.9931,316
Borough Hall,3,17,40.693655,-73.990216,317
Hoyt Street - Fulton Mall,3,18,40.690531,-73.985109,318
Nevins Street,3,19,40.688709,-73.980904,319
Atlantic Avenue,3,20,40.684462,-73.978758,320
Bergen Street,3,21,40.680833,-73.97511,321
Grand Army Plaza,3,22,40.674584,-73.970518,322
Eastern Parkway - Brooklyn Museum,3,23,40.671622,-73.96275,323
Franklin Avenue,3,24,40.670711,-73.958545,324
Nostrand Avenue,3,25,40.6698,-73.95052,325
Kingston Avenue,3,26,40.669376,-73.942151,326
Crown Heights - Utica Avenue,3,27,40.668758,-73.931208,327
Sutter Avenue - Rutland Road,3,28,40.664884,-73.922882,328
Saratoga Avenue,3,29,40.661531,-73.915586,329
Rockaway Avenue,3,30,40.662541,-73.908892,330
Junius Street,3,31,40.663615,-73.90151,331
Pennsylvania Avenue,3,32,40.664722,-73.894129,332
Van Siclen Avenue,3,33,40.665535,-73.888593,333
New Lots Avenue,3,34,40.666382,-73.882585,334
Woodlawn,4,1,40.886005,-73.878808,401
Mosholu Parkway,4,2,40.879711,-73.884687,402
Bedford Park Boulevard - Lehman College,4,3,40.873545,-73.889837,403
Kingsbridge Road,4,4,40.867444,-73.897433,404
Fordham Road,4,5,40.862706,-73.901124,405
183 Street,4,6,40.858324,-73.903999,406
Burnside Avenue,4,7,40.853748,-73.90739,407
176 Street,4,8,40.848619,-73.911767,408
Mt Eden Avenue,4,9,40.844268,-73.914814,409
170 Street,4,10,40.840178,-73.917732,410
167 Street,4,11,40.835665,-73.921337,411
161 Street - Yankee Stadium,4,12,40.827937,-73.925886,412
149 Street - Grand Concourse,4,13,40.8181,-73.9275,413
138 Street,4,14,40.81303,-73.929963,414
125 Street,4,15,40.804259,-73.937473,415
116 Street,4,16,40.798607,-73.942022,416
110 Street,4,17,40.794773,-73.944426,417
103 Street,4,18,40.79029,-73.947687,418
96 Street,4,19,40.785773,-73.950949,419
86 Street,4,20,40.779469,-73.955626,420
77 Street,4,21,40.773587,-73.959875,421
68 Street - Hunter College,4,22,40.767834,-73.964124,422
59 Street,4,23,40.762471,-73.9679,423
51 Street,4,24,40.757075,-73.971977,424
Grand Central - 42 Street,4,25,40.752283,-73.977519,425
33 Street,4,26,40.746389,-73.981944,426
28 Street,4,27,40.74329,-73.984165,427
23 Street,4,28,40.740169,-73.98644,428
14 Street - Union Square,4,29,40.734722,-73.990278,429
Astor Place,4,30,40.729722,-73.991667,430
Broadway - Lafayette Street / Bleecker Street,4,31,40.725833,-73.994722,431
Spring Street,4,32,40.722222,-73.997222,432
Canal Street,4,33,40.718056,-74,433
Brooklyn Bridge - City Hall,4,34,40.712778,-74.004722,434
Fulton Street,4,35,40.710206,-74.007744,435
Wall Street,4,36,40.70771,-74.011717,436
Bowling Green,4,37,40.704106,-74.014521,437
Borough Hall - Court Street,4,38,40.693655,-73.990216,438
Nevins Street,4,39,40.688709,-73.980904,439
Atlantic Avenue,4,40,40.684462,-73.978758,440
Bergen Street,4,41,40.680833,-73.97511,441
Grand Army Plaza,4,42,40.674584,-73.970518,442
Eastern Parkway - Brooklyn Museum,4,43,40.671622,-73.96275,443
Franklin Avenue,4,44,40.670711,-73.958545,444
Nostrand Avenue,4,45,40.6698,-73.95052,445
Kingston Avenue,4,46,40.669376,-73.942151,446
Crown Heights - Utica Avenue,4,47,40.668758,-73.931208,447
Sutter Avenue - Rutland Road,4,48,40.664884,-73.922882,448
Saratoga Avenue,4,49,40.661531,-73.915586,449
Rockaway Avenue,4,50,40.662541,-73.908892,450
Junius Street,4,51,40.663615,-73.90151,451
Pennsylvania Avenue,4,52,40.664722,-73.894129,452
Van Siclen Avenue,4,53,40.665535,-73.888593,453
New Lots Avenue,4,54,40.666382,-73.882585,454
Eastchester - Dyre Avenue,5,1,40.889055,-73.830614,501
Baychester Avenue,5,2,40.87864,-73.838369,502
Gun Hill Road,5,3,40.87017,-73.845806,503
Pelham Parkway,5,4,40.85813,-73.856063,504
Morris Park,5,5,40.854429,-73.860397,505
Nereid Avenue,5,6,40.898,-73.854,506
233 Street,5,7,40.893,-73.857,507
225 Street,5,8,40.888,-73.86,508
219 Street,5,9,40.883,-73.863,509
Gun Hill Road,5,10,40.877,-73.867,510
Burke Avenue,5,11,40.871,-73.867,511
Allerton Avenue,5,12,40.865,-73.867,512
Pelham Parkway,5,13,40.857,-73.868,513
Bronx Park East,5,14,40.849,-73.868,514
East 180 Street,5,15,40.841,-73.874,515
West Farms Square - East Tremont Avenue,5,16,40.84,-73.88,516
174 Street,5,17,40.837,-73.888,517
Freeman Street,5,18,40.83,-73.892,518
Simpson Street,5,19,40.824,-73.893,519
Intervale Avenue,5,20,40.822,-73.897,520
Prospect Avenue,5,21,40.819,-73.901,521
Jackson Avenue,5,22,40.8163,-73.908,522
3 Avenue - 149 Street,5,23,40.816099,-73.917676,523
149 Street - Grand Concourse,5,24,40.8181,-73.9275,524
138 Street,5,25,40.81303,-73.929963,525
125 Street,5,26,40.804259,-73.937473,526
86 Street,5,27,40.779469,-73.955626,527
59 Street,5,28,40.762471,-73.9679,528
Grand Central - 42 Street,5,29,40.752283,-73.977519,529
14 Street - Union Square,5,30,40.734722,-73.990278,530
Brooklyn Bridge - City Hall,5,31,40.712778,-74.004722,531
Fulton Street,5,32,40.710206,-74.007744,532
Wall Street,5,33,40.70771,-74.011717,533
Bowling Green,5,34,40.704106,-74.014521,534
Borough Hill,5,35,40.693655,-73.990216,535
Nevins Street,5,36,40.688709,-73.980904,536
Atlantic Avenue,5,37,40.684462,-73.978758,537
Franklin Avenue,5,38,40.670711,-73.958545,538
President Street,5,39,40.668009,-73.950691,539
Sterling Street,5,40,40.663061,-73.950863,540
Winthrop Street,5,41,40.657039,-73.950262,541
Church Avenue,5,42,40.650755,-73.950005,542
Beverly Road,5,43,40.645122,-73.94906,543
Newkirk Avenue,5,44,40.639912,-73.94846,544
Flatbush Avenue - Brooklyn College,5,45,40.632361,-73.947486,545
Pelham Bay Park,6,1,40.852871,-73.827138,601
Buhre Avenue,6,2,40.846995,-73.832331,602
Middletown Road,6,3,40.843424,-73.836751,603
Westchester Square - East Tremont Avenue,6,4,40.840567,-73.842072,604
Zerega Avenue,6,5,40.836769,-73.846793,605
Castle Hill Avenue,6,6,40.834139,-73.851686,606
Parkchester,6,7,40.833333,-73.860972,607
Saint Lawrence Avenue,6,8,40.831573,-73.867307,608
Morrison - Sound View Avenues,6,9,40.829495,-73.874474,609
Elder Avenue,6,10,40.828553,-73.879194,610
Whitlock Avenue,6,11,40.827514,-73.886147,611
Hunts Point Avenue,6,12,40.820565,-73.89164,612
Longwood Avenue,6,13,40.816278,-73.896232,613
East 149 Street,6,14,40.812088,-73.904171,614
East 143 Street - Saint Mary's Street,6,15,40.808125,-73.907862,615
Cypress Avenue,6,16,40.805526,-73.914514,616
Brook Avenue,6,17,40.80754,-73.91932,617
3 Avenue - 138 Street,6,18,40.810963,-73.927217,618
125 Street,6,19,40.804259,-73.937473,619
116 Street,6,20,40.798607,-73.942022,620
110 Street,6,21,40.794773,-73.944426,621
103 Street,6,22,40.79029,-73.947687,622
96 Street,6,23,40.785773,-73.950949,623
86 Street,6,24,40.779469,-73.955626,624
77 Street,6,25,40.773587,-73.959875,625
68 Street - Hunter College,6,26,40.767834,-73.964124,626
59 Street,6,27,40.762471,-73.9679,627
51 Street,6,28,40.757075,-73.971977,628
Grand Central - 42 Street,6,29,40.752283,-73.977519,629
33 Street,6,30,40.746389,-73.981944,630
28 Street,6,31,40.74329,-73.984165,631
23 Street,6,32,40.740169,-73.98644,632
14 Street - Union Square,6,33,40.734722,-73.990278,633
Astor Place,6,34,40.729722,-73.991667,634
Broadway - Lafayette Street / Bleecker Street,6,35,40.725833,-73.994722,635
Spring Street,6,36,40.722222,-73.997222,636
Canal Street,6,37,40.718056,-74,637
Brooklyn Bridge - City Hall,6,38,40.712778,-74.004722,638
Flushing - Main Street,7,1,40.759522,-73.830317,701
Mets - Willets Point,7,2,40.754558,-73.845581,702
111 Street,7,3,40.751714,-73.855636,703
103 Street - Corona Plaza,7,4,40.749825,-73.862733,704
Junction Boulevard,7,5,40.749175,-73.869097,705
90 Street - Elmhurst Avenue,7,6,40.748333,-73.876389,706
82 Street - Jackson Heights,7,7,40.747631,-73.883828,707
74 Street - Broadway,7,8,40.746764,-73.891519,708
69 Street,7,9,40.746258,-73.89685,709
Woodside - 61 Street,7,10,40.745608,-73.902967,710
52 Street,7,11,40.744036,-73.912864,711
46 Street,7,12,40.743133,-73.918403,712
40 Street,7,13,40.743811,-73.924178,713
33 Street,7,14,40.744617,-73.931306,714
Queensboro Plaza,7,15,40.750653,-73.940344,715
Court Square,7,16,40.747615,-73.945069,716
Hunters Point Avenue,7,17,40.742381,-73.949258,717
Vernon Boulevard - Jackson Avenue,7,18,40.74264,-73.95391,718
Grand Central - 42 Street,7,19,40.752283,-73.977519,719
5 Avenue - Bryant Park,7,20,40.754799,-73.984208,720
Times Square - 42 Street,7,21,40.756,-73.987,721
34 Street - Hudson Yards,7,22,40.755839,-74.001961,722
Inwood - 207 Street,A,1,40.867672,-73.921165,1001
Dyckman Street,A,2,40.865465,-73.927345,1002
190 Street,A,3,40.858986,-73.93404,1003
181 Street,A,4,40.850891,-73.938289,1004
175 Street,A,5,40.946541,-73.940091,1005
Washington Heights - 168 Street,A,6,40.841022,-73.939791,1006
163 Street - Amsterdam Avenue,A,7,40.836866,-73.940134,1007
155 Street,A,8,40.830859,-73.9414,1008
145 Street,A,9,40.82404,-73.944769,1009
135 Street,A,10,40.81709,-73.94803,1010
125 Street,A,11,40.810756,-73.952665,1011
116 Street,A,12,40.804389,-73.955412,1012
Cathedral Parkway (110 Street),A,13,40.800524,-73.958244,1013
103 Street,A,14,40.79604,-73.96142,1014
96 Street,A,15,40.791622,-73.964725,1015
86 Street,A,16,40.785286,-73.969316,1016
81 Street - Museum of Natural History,A,17,40.781971,-73.971763,1017
72 Street,A,18,40.776154,-73.976011,1018
59 Street - Columbus Circle,A,19,40.767997,-73.981934,1019
50 Street,A,20,40.762276,-73.986139,1020
42 Street - Port Authority Bus Terminal,A,21,40.756,-73.987,1021
34 Street - Penn Station,A,22,40.752166,-73.993521,1022
23 Street,A,23,40.745274,-73.998499,1023
14 Street,A,24,40.739779,-74.002533,1024
West 4 Street,A,25,40.731682,-74.000945,1025
Spring Street,A,26,40.725503,-74.004035,1026
Canal Street,A,27,40.72186,-74.005365,1027
Chambers Street,A,28,40.712655,-74.009657,1028
Fulton Street,A,29,40.710206,-74.007744,1029
High Street,A,30,40.698889,-73.989722,1030
Jay Street - Metro Tech,A,31,40.693681,-73.987233,1031
Hoyt Street - Schermerhorn Street,A,32,40.689022,-73.986142,1032
Lafayette Avenue,A,33,40.686268,-73.974466,1033
Clinton-Washington Avenue,A,34,40.683176,-73.965883,1034
Franklin Avenue,A,35,40.681126,-73.955712,1035
Nostrand Avenue,A,36,40.680345,-73.949575,1036
Kingston - Throop Avenue,A,37,40.679857,-73.940606,1037
Utica Avenue,A,38,40.679239,-73.929062,1038
Ralph Avenue,A,39,40.678815,-73.92168,1039
Rockaway Avenue,A,40,40.67823,-73.910823,1040
Broadway Junction (East New York),A,41,40.678919,-73.903453,1041
Liberty Avenue,A,42,40.674357,-73.896489,1042
Van Siclen Avenue,A,43,40.672697,-73.890266,1043
Shepherd Avenue,A,44,40.674064,-73.880825,1044
Euclid Avenue,A,45,40.675366,-73.871899,1045
Grant Avenue,A,46,40.676635,-73.86559,1046
80 Street,A,47,40.679434,-73.857822,1047
88 Street,A,48,40.679857,-73.850968,1048
Rockaway Boulevard,A,49,40.680459,-73.843703,1049
Rockaway Boulevard,A1,1,40.680459,-73.843703,1101
104 Street,A1,2,40.682233,-73.837352,1102
111 Street,A1,3,40.684673,-73.831129,1103
Ozone Park - Lefferts Boulevard,A1,4,40.686203,-73.82422,1104
Rockaway Boulevard,A2,1,40.680459,-73.843703,1201
Aqueduct Racetrack,A2,2,40.672086,-73.835914,1202
Aqueduct - North Conduit Avenue,A2,3,40.668325,-73.834034,1203
Howard Beach - JFK Airport,A2,4,40.660445,-73.830316,1204
Broad Channel,A2,5,40.608618,-73.816,1205
Beach 67 Street,A2,6,40.59092,-73.79681,1206
Beach 60 Street,A2,7,40.592395,-73.788536,1207
Beach 44 Street,A2,8,40.592928,-73.775986,1208
Beach 36 Street,A2,9,40.595413,-73.768076,1209
Beach 25 Street,A2,10,40.600061,-73.761422,1210
Far Rockaway - Mott Avenue,A2,11,40.603983,-73.755426,1211
Broad Channel,A3,1,40.608618,-73.816,1301
Beach 90 Street,A3,2,40.588095,-73.813499,1302
Beach 98 Street,A3,3,40.585441,-73.820186,1303
Beach 105 Street,A3,4,40.538217,-73.827594,1304
Rockaway Park / Beach 116 Street,A3,5,40.580725,-73.83618,1305
Bedford Park Boulevard,B,1,40.872507,-73.887906,1401
Kingsbridge Road,B,2,40.866146,-73.894343,1402
Fordham Road,B,3,40.862414,-73.897133,1403
182-183 Streets,B,4,40.856766,-73.900309,1404
Tremont Avenue,B,5,40.849463,-73.905973,1405
174-175 Streets,B,6,40.845892,-73.910179,1406
170 Street,B,7,40.838814,-73.913741,1407
167 Street,B,8,40.8345,-73.9177,1408
161 Street - Yankee Stadium,B,9,40.827937,-73.925886,1409
155 Street,B,10,40.829917,-73.939104,1410
145 Street,B,11,40.82404,-73.944769,1411
135 Street,B,12,40.81709,-73.94803,1412
125 Street,B,13,40.810756,-73.952665,1413
116 Street,B,14,40.804389,-73.955412,1414
Cathedral Parkway (110 Street),B,15,40.800524,-73.958244,1415
103 Street,B,16,40.79604,-73.96142,1416
96 Street,B,17,40.791622,-73.964725,1417
86 Street,B,18,40.785286,-73.969316,1418
81 Street - Museum of Natural History,B,19,40.781971,-73.971763,1419
72 Street,B,20,40.776154,-73.976011,1420
59 Street - Columbus Circle,B,21,40.767997,-73.981934,1421
7 Avenue,B,22,40.762959,-73.981891,1422
47-50 Street - Rockefeller Center,B,23,40.758603,-73.981376,1423
42 Street - Bryant Park,B,24,40.754799,-73.984208,1424
34 Street - Herald Square,B,25,40.749338,-73.987985,1425
West 4 Street - Washington Square,B,26,40.731682,-74.000945,1426
Broadway - Lafayette Street / Bleecker Street,B,27,40.725833,-73.994722,1427
Grand Street,B,28,40.718119,-73.993864,1428
DeKalb Avenue,B,29,40.690254,-73.982277,1429
Atlantic Avenue,B,30,40.684462,-73.978758,1430
7 Avenue,B,31,40.679352,-73.973694,1431
Prospect Park,B,32,40.661507,-73.962461,1432
Church Avenue,B,33,40.64966,-73.963646,1433
Newkirk Plaza,B,34,40.6357,-73.963,1434
Kings Highway,B,35,40.609229,-73.95884,1435
Sheepshead Bay,B,36,40.587168,-73.953266,1436
Brighton Beach,B,37,40.577598,-73.961565,1437
Washington Height - 168 Street,C,1,40.841022,-73.939791,1501
163 Street - Amsterdam Avenue,C,2,40.836866,-73.940134,1502
155 Street,C,3,40.830859,-73.9414,1503
145 Street,C,4,40.82404,-73.944769,1504
135 Street,C,5,40.81709,-73.94803,1505
125 Street,C,6,40.810756,-73.952665,1506
116 Street,C,7,40.804389,-73.955412,1507
Cathedral Parkway (110 Street),C,8,40.800524,-73.958244,1508
103 Street,C,9,40.79604,-73.96142,1509
96 Street,C,10,40.791622,-73.964725,1510
86 Street,C,11,40.785286,-73.969316,1511
81 Street - Museum of Natural History,C,12,40.781971,-73.971763,1512
72 Street,C,13,40.776154,-73.976011,1513
59 Street - Columbus Cricel,C,14,40.767997,-73.981934,1514
50 Street,C,15,40.762276,-73.986139,1515
42 Street - Port Authority Bus Terminal,C,16,40.756,-73.987,1516
34 Street - Penn Station,C,17,40.752166,-73.993521,1517
23 Street,C,18,40.745274,-73.998499,1518
14 Street,C,19,40.739779,-74.002533,1519
West 4 Street,C,20,40.731682,-74.000945,1520
Spring Street,C,21,40.725503,-74.004035,1521
Canal Street,C,22,40.72186,-74.005365,1522
Chambers Street,C,23,40.712655,-74.009657,1523
Fulton Street,C,24,40.710206,-74.007744,1524
High Street,C,25,40.698889,-73.989722,1525
Jay Street - Metro Tech,C,26,40.693681,-73.987233,1526
Hoyt Street - Schermerhorn Street,C,27,40.689022,-73.986142,1527
Lafayette Avenue,C,28,40.686268,-73.974466,1528
Clinton-Washington Avenues,C,29,40.683176,-73.965883,1529
Franklin Avenue,C,30,40.681126,-73.955712,1530
Nostrand Avenue,C,31,40.680345,-73.949575,1531
Kingston-Throop Avenues,C,32,40.679857,-73.940606,1532
Utica Avenue,C,33,40.679239,-73.929062,1533
Ralph Avenue,C,34,40.678815,-73.92168,1534
Rockaway Avenue,C,35,40.67823,-73.910823,1535
Broadway Junction (East New York),C,36,40.678919,-73.903453,1536
Liberty Avenue,C,37,40.674357,-73.896489,1537
Van Siclen Avenue,C,38,40.672697,-73.890266,1538
Shepherd Avenue,C,39,40.674064,-73.880825,1539
Euclid Avenue,C,40,40.675366,-73.871899,1540
Norwood - 205 Street,D,1,40.874908,-73.879452,1601
Bedford Park Boulevard,D,2,40.872507,-73.887906,1602
Kingsbridge Road,D,3,40.866146,-73.894343,1603
Fordham Road,D,4,40.862414,-73.897133,1604
182-183 Streets,D,5,40.856766,-73.900309,1605
Tremont Avenue,D,6,40.849463,-73.905973,1606
174-175 Streets,D,7,40.845892,-73.910179,1607
170 Street,D,8,40.838814,-73.913741,1608
167 Street,D,9,40.8345,-73.9177,1609
161 Street - Yankee Stadium,D,10,40.827937,-73.925886,1610
155 Street,D,11,40.829917,-73.939104,1611
145 Street,D,12,40.82404,-73.944769,1612
125 Street,D,13,40.810756,-73.952665,1613
59 Street - Columbus Circle,D,14,40.767997,-73.981934,1614
7 Avenue,D,15,40.762959,-73.981891,1615
47-50 Streets - Rockefeller Center,D,16,40.758603,-73.981376,1616
42 Street - Bryant Park,D,17,40.754799,-73.984208,1617
34 Street - Herald Square,D,18,40.749338,-73.987985,1618
West 4 Street - Washington Square,D,19,40.731682,-74.000945,1619
Broadway - Lafayette Street / Bleecker Street,D,20,40.725833,-73.994722,1620
Grand Street,D,21,40.718119,-73.993864,1621
DeKalb Avenue,D,22,40.690254,-73.982277,1622
Atlantic Avenue / Barclays Center / 4 Avenue,D,23,40.684462,-73.978758,1623
Union Street,D,24,40.678108,-73.98391,1624
9 Street,D,25,40.670956,-73.991397,1625
Prospect Avenue,D,26,40.666789,-73.994079,1626
25 Street,D,27,40.6605,-73.998,1627
36 Street,D,28,40.65445,-74.00455,1628
9 Avenue,D,29,40.646575,-73.994674,1629
Fort Hamilton Parkway,D,30,40.6407,-73.9944,1630
50 Street,D,31,40.63611,-73.99498,1631
55 Street,D,32,40.631892,-73.995709,1632
62 Street,D,33,40.626086,-73.997887,1633
71 Street,D,34,40.619165,-73.998992,1634
79 Street,D,35,40.61339,-74.001514,1635
18 Avenue,D,36,40.608667,-74.002115,1636
20 Avenue,D,37,40.6047,-73.9985,1637
Bay Parkway,D,38,40.602655,-73.994293,1638
25 Avenue,D,39,40.598607,-73.987352,1639
Bay 50 Street,D,40,40.589279,-73.984122,1640
Coney Island - Stillwell Avenue,D,41,40.577342,-73.981139,1641
Jamaica Center - Parsons/Archer,E,1,40.702407,-73.799973,1701
Sutphin Boulevard / Archer Avenue / JFK Airport,E,2,40.700488,-73.80774,1702
Jamaica - Van Wyck,E,3,40.701905,-73.81656,1703
Briarwood,E,4,40.70969,-73.8196,1704
Kew Gardens - Union Turnpike,E,5,40.714151,-73.830786,1705
75 Avenue,E,6,40.71864,-73.837738,1706
Forest Hills - 71 Avenue,E,7,40.721404,-73.844004,1707
67 Avenue,E,8,40.726966,-73.853703,1708
63 Drive - Rego Park,E,9,40.73,-73.862,1709
Woodhaven Boulevard,E,10,40.73347,-73.870397,1710
Grand Avenue - Newtown,E,11,40.73695,-73.877521,1711
Elmhurst Avenue,E,12,40.741795,-73.88104,1712
Jackson Heights - Roosevelt Avenue,E,13,40.746764,-73.891519,1713
65 Street,E,14,40.7494,-73.8973,1714
Northern Boulevard,E,15,40.753239,-73.906918,1715
46 Street,E,16,40.756685,-73.914256,1716
Steinway Street,E,17,40.758668,-73.918934,1717
36 Street,E,18,40.752036,-73.927903,1718
Queens Plaza,E,19,40.748915,-73.937387,1719
Court Sqaure - 23 Street,E,20,40.747615,-73.945069,1720
Lexington Avenue / 53 Street,E,21,40.757075,-73.971977,1721
5 Avenue / 53 Street,E,22,40.760326,-73.975754,1722
7 Avenue,E,23,40.762959,-73.981891,1723
50 Street,E,24,40.762276,-73.986139,1724
42 Street - Port Authority Bus Terminal,E,25,40.756,-73.987,1725
34 Street - Penn Station,E,26,40.752166,-73.993521,1726
23 Street,E,27,40.745274,-73.998499,1727
14 Street,E,28,40.739779,-74.002533,1728
West 4 Street,E,29,40.731682,-74.000945,1729
Spring Street,E,30,40.725503,-74.004035,1730
Canal Street,E,31,40.72186,-74.005365,1731
World Trade Center,E,32,40.712655,-74.009657,1732
Jamaica - 179 Street,F,1,40.712459,-73.78448,1801
169 Street,F,2,40.710638,-73.793063,1802
Parsons Boulevard,F,3,40.70771,-73.802762,1803
Sutphin Boulevard,F,4,40.705726,-73.809714,1804
Briarwood,F,5,40.70969,-73.8196,1805
Kew Gardens Union Turnpike,F,6,40.714151,-73.830786,1806
75 Avenue,F,7,40.71864,-73.837738,1807
Forest Hills - 71 Avenue,F,8,40.721404,-73.844004,1808
Jackson Heights - Roosevelt Avenue,F,9,40.746764,-73.891519,1809
21 Street - Queensbridge / 41 Avenue,F,10,40.753954,-73.942451,1810
Roosevelt Island,F,11,40.759188,-73.953438,1811
Lexington Avenue / 63 Street,F,12,40.764649,-73.966398,1812
57 Street,F,13,40.764259,-73.977213,1813
47-50 Streets - Rockefeller Center,F,14,40.758603,-73.981376,1814
42 Street - Bryant Park,F,15,40.754799,-73.984208,1815
34 Street - Herald Square,F,16,40.749338,-73.987985,1816
23 Street,F,17,40.742933,-73.992877,1817
14 Street,F,18,40.737328,-73.996796,1818
West 4 Street,F,19,40.731682,-74.000945,1819
Broadway - Lafayette Street / Bleecker Street,F,20,40.725833,-73.994722,1820
Lower East Side - 2 Avenue,F,21,40.723616,-73.991117,1821
Delancey Street,F,22,40.71851,-73.988199,1822
East Broadway,F,23,40.714216,-73.990259,1823
York Street,F,24,40.701529,-73.986783,1824
Jay Street - Metro Tech,F,25,40.693681,-73.987233,1825
Bergen Street,F,26,40.687253,-73.990006,1826
Carroll Street,F,27,40.6802,-73.9948,1827
Smith - 9 Streets,F,28,40.67425,-73.996842,1828
4 Avenue,F,29,40.670956,-73.991397,1829
7 Avenue,F,30,40.666831,-73.9816,1830
15 Street - Prospect Park,F,31,40.660544,-73.979983,1831
Fort Hamilton Parkway,F,32,40.651456,-73.975856,1832
Church Avenue,F,33,40.642792,-73.979431,1833
Ditmas Avenue,F,34,40.636264,-73.978172,1834
18 Avenue,F,35,40.629625,-73.976964,1835
Avenue I,F,36,40.625922,-73.976219,1836
Bay Parkway,F,37,40.620861,-73.975231,1837
Avenue N,F,38,40.615044,-73.974219,1838
Avenue P,F,39,40.608739,-73.973014,1839
Kings Highway,F,40,40.603186,-73.972344,1840
Avenue U,F,41,40.59615,-73.973319,1841
Avenue X,F,42,40.590142,-73.974125,1842
Neptune Avenue,F,43,40.580397,-73.974567,1843
West 8 Street - New York Aquarium,F,44,40.576178,-73.9758,1844
Coney Island - Stillwell Avenue,F,45,40.577342,-73.981139,1845
Court Square,G,1,40.747615,-73.945069,1901
21 Street,G,2,40.744591,-73.948674,1902
Greenpoint Avenue,G,3,40.730153,-73.954296,1903
Nassau Avenue,G,4,40.723811,-73.95082,1904
Metropolitan Avenue,G,5,40.712752,-73.951464,1905
Broadway,G,6,40.705433,-73.950219,1906
Flushing Avenue,G,7,40.699739,-73.950176,1907
Myrtle - Willoughby Avenue,G,8,40.694631,-73.949103,1908
Bedford - Nostrand Avenues,G,9,40.689587,-73.953567,1909
Classon Avenue,G,10,40.688839,-73.960047,1910
Clinton-Washington Avenues,G,11,40.688058,-73.96687,1911
Fulton Street,G,12,40.686984,-73.976269,1912
Hoyt Street - Schermerhorn Street,G,13,40.689022,-73.986142,1913
Bergen Street,G,14,40.687253,-73.990006,1914
Carroll Street,G,15,40.6802,-73.9948,1915
Smith - 9 Streets,G,16,40.67425,-73.996842,1916
4 Avenue,G,17,40.670956,-73.991397,1917
7 Avenue,G,18,40.666831,-73.9816,1918
15 Street - Prospect Park,G,19,40.660544,-73.979983,1919
Fort Hamilton Parkway,G,20,40.651456,-73.975856,1920
Church Avenue,G,21,40.642792,-73.979431,1921
Jamaica Center - Parsons/Archer,J,1,40.702407,-73.799973,2001
Sutphin Boulevard / Archer Avenue / JFK Airport,J,2,40.700488,-73.80774,2002
121 Street,J,3,40.700357,-73.82894,2003
111 Street,J,4,40.696876,-73.837223,2004
104 Street,J,5,40.695184,-73.843231,2005
Woodhaven Boulevard,J,6,40.693622,-73.852158,2006
85 Street - Forest Parkway,J,7,40.692418,-73.86014,2007
75 Street,J,8,40.691377,-73.866534,2008
Cypress Hills,J,9,40.689722,-73.873056,2009
Crescent Street,J,10,40.683655,-73.872414,2010
Norwood Avenue,J,11,40.681582,-73.879151,2011
Cleveland Street,J,12,40.679629,-73.885589,2012
Van Siclen Avenue,J,13,40.678002,-73.891726,2013
Alabama Avenue,J,14,40.67683,-73.900008,2014
Broadway Junction (Eastern Parkway),J,15,40.678919,-73.903453,2015
Chauncey Street,J,16,40.682623,-73.910136,2016
Halsey Street,J,17,40.685682,-73.915458,2017
Gates Avenue,J,18,40.68949,-73.922067,2018
Kosciuszko Street,J,19,40.6933,-73.9287,2019
Myrtle Avenue,J,20,40.696944,-73.935278,2020
Flushing Avenue,J,21,40.700683,-73.941979,2021
Lorimer Street,J,22,40.704099,-73.947902,2022
Hewes Street,J,23,40.706669,-73.953009,2023
Marcy Avenue,J,24,40.708361,-73.957944,2024
Essex Street,J,25,40.71851,-73.988199,2025
Bowery,J,26,40.720299,-73.994079,2026
Canal Street,J,27,40.718056,-74,2027
Chambers Street,J,28,40.712778,-74.004722,2028
Fulton Street,J,29,40.710206,-74.007744,2029
Broad Street,J,30,40.707059,-74.01073,2030
8 Avenue,L,1,40.739779,-74.002533,2101
6 Avenue,L,2,40.737328,-73.996796,2102
14 Street / Union Square,L,3,40.734722,-73.990278,2103
3 Avenue,L,4,40.733243,-73.987212,2104
1 Avenue,L,5,40.731324,-73.982577,2105
Bedford Avenue,L,6,40.71772,-73.95756,2106
Lorimer Street,L,7,40.712752,-73.951464,2107
Graham Avenue,L,8,40.714509,-73.944426,2108
Grand Street,L,9,40.711906,-73.940735,2109
Montrose Avenue,L,10,40.707612,-73.939877,2110
Morgan Avenue,L,11,40.706994,-73.923569,2111
Jefferson Street,L,12,40.706994,-73.923569,2112
DeKalb Avenue,L,13,40.704294,-73.919277,2113
Myrtle - Wyckoff Avenues,L,14,40.699511,-73.911166,2114
Halsey Street,L,15,40.696095,-73.905029,2115
Wilson Avenue,L,16,40.6885,-73.9044,2116
Bushwick Avenue - Aberdeen Street,L,17,40.682851,-73.905158,2117
Broadway Junction (Fulton Street),L,18,40.678919,-73.903453,2118
Atlantic Avenue,L,19,40.675724,-73.902969,2119
Sutter Avenue,L,20,40.668367,-73.901768,2120
Livonia Avenue,L,21,40.663745,-73.90048,2121
New Lots Avenue,L,22,40.659025,-73.899364,2122
East 105 Street,L,23,40.651308,-73.899021,2123
Canarsie - Rockway Parkway,L,24,40.645382,-73.902626,2124
Forest Hills - 71 Avenue,M,1,40.721404,-73.844004,2201
67 Avenue,M,2,40.726966,-73.853703,2202
63 Drive,M,3,40.73,-73.862,2203
Woodhaven Boulevard,M,4,40.73347,-73.870397,2204
Grand Avenue - Newtown,M,5,40.73695,-73.877521,2205
Elmhurst Avenue,M,6,40.741795,-73.88104,2206
Jackson Heights - Roosevelt Avenue,M,7,40.746764,-73.891519,2207
65 Street,M,8,40.7494,-73.8973,2208
Northern Boulevard,M,9,40.753239,-73.906918,2209
46 Street,M,10,40.756685,-73.914256,2210
Steinway Street,M,11,40.758668,-73.918934,2211
36 Street,M,12,40.752036,-73.927903,2212
Queens Plaza,M,13,40.748915,-73.937387,2213
Court Square - 23 Street,M,14,40.747615,-73.945069,2214
Lexington Avenue / 53 Street,M,15,40.757075,-73.971977,2215
5 Avenue / 53 Street,M,16,40.760326,-73.975754,2216
47-60 Streets - Rockefeller Center,M,17,40.758603,-73.981376,2217
42 Street - Bryant Park,M,18,40.754799,-73.984208,2218
34 Street - Herald Square,M,19,40.749338,-73.987985,2219
23 Street,M,20,40.742933,-73.992877,2220
14 Street,M,21,40.737328,-73.996796,2221
West 4 Street,M,22,40.731682,-74.000945,2222
Broadway - Lafayette Street / Bleecker Street,M,23,40.725833,-73.994722,2223
Essex Street,M,24,40.71851,-73.988199,2224
Marcy Avenue,M,25,40.708361,-73.957944,2225
Hewes Street,M,26,40.706669,-73.953009,2226
Lorimer Street,M,27,40.704099,-73.947902,2227
Flushing Avenue,M,28,40.700683,-73.941979,2228
Myrtle Avenue / Broadway,M,29,40.696944,-73.935278,2229
Central Avenue,M,30,40.698015,-73.9252,2230
Knickerbocker Avenue,M,31,40.698731,-73.918376,2231
Myrtle Avenue / Wyckoff Avenue,M,32,40.699511,-73.911166,2232
Seneca Avenue / Palmetto Street,M,33,40.702765,-73.907733,2233
Forest Avenue,M,34,40.704619,-73.901982,2234
Fresh Pond Road,M,35,40.705953,-73.896704,2235
Middle Village / Metropolitan Avenue,M,36,40.712232,-73.889194,2236
Astoria - Ditmars Boulevard,N,1,40.776089,-73.910737,2301
Astoria Boulevard,N,2,40.769979,-73.918161,2302
30 Avenue,N,3,40.766859,-73.921423,2303
Broadway,N,4,40.761951,-73.925414,2304
36 Avenue,N,5,40.756555,-73.929791,2305
39 Avenue,N,6,40.752686,-73.932924,2306
Queensboro Plaza,N,7,40.750653,-73.940344,2307
Lexington Avenue / 59 Street,N,8,40.762471,-73.9679,2308
5 Avenue / 59 Street,N,9,40.764779,-73.972621,2309
57 Street,N,10,40.765461,-73.980088,2310
49 Street,N,11,40.760423,-73.983779,2311
Times Square - 42 Street,N,12,40.756,-73.987,2312
34 Street - Herald Square,N,13,40.749338,-73.987985,2313
28 Street,N,14,40.745241,-73.988757,2314
23 Street,N,15,40.741339,-73.989272,2315
14 Street - Union Square,N,16,40.734722,-73.990278,2316
8 Street - New York University,N,17,40.730543,-73.992448,2317
Prince Street,N,18,40.724202,-73.997812,2318
Canal Street,N,19,40.718056,-74,2319
City Hall,N,20,40.71324,-74.007082,2320
Cortlandt Street,N,21,40.710735,-74.011245,2321
Rector Street,N,22,40.70771,-74.013004,2322
Whitehall Street South Ferry,N,23,40.702472,-74.012833,2323
Court Street - Borough Hall,N,24,40.693655,-73.990216,2324
Jay Street - Metro Tech,N,25,40.693681,-73.987233,2325
Dekalb Avenue,N,26,40.690254,-73.982277,2326
Atlantic Avenue,N,27,40.684462,-73.978758,2327
Union Street,N,28,40.678108,-73.98391,2328
4 Avenue / 9 Street,N,29,40.670956,-73.991397,2329
Prospect Avenue,N,30,40.666789,-73.994079,2330
25 Street,N,31,40.6605,-73.998,2331
36 Street,N,32,40.65445,-74.00455,2332
45 Street,N,33,40.649447,-74.009381,2333
53 Street,N,34,40.643611,-74.015517,2334
59 Street,N,35,40.641078,-74.018181,2335
8 Avenue,N,36,40.634558,-74.010694,2336
Fort Hamilton Parkway,N,37,40.6321,-74.006525,2337
New Utrecht Avenue,N,38,40.626086,-73.997887,2338
18 Avenue,N,39,40.620019,-73.989444,2339
20 Avenue,N,40,40.617164,-73.984844,2340
Bay Parkway,N,41,40.612886,-73.981992,2341
Kings Highway,N,42,40.603147,-73.980231,2342
Avenue U,N,43,40.596494,-73.978967,2343
86 Street,N,44,40.592656,-73.978261,2344
Coney Island - Stillwell Avenue,N,45,40.577342,-73.981139,2345
Astoria - Ditmars Boulevard,Q,1,40.776089,-73.910737,2401
Astoria Boulevard,Q,2,40.769979,-73.918161,2402
30 Avenue,Q,3,40.766859,-73.921423,2403
Broadway,Q,4,40.761951,-73.925414,2404
36 Avenue,Q,5,40.756555,-73.929791,2405
39 Avenue,Q,6,40.752686,-73.932924,2406
Queensboro Plaza,Q,7,40.750653,-73.940344,2407
Lexington Avenue / 59 Street,Q,8,40.762471,-73.9679,2408
5 Avenue / 59 Street,Q,9,40.764779,-73.972621,2409
57 Street,Q,10,40.765461,-73.980088,2410
49 Street,Q,11,40.760423,-73.983779,2411
Times Square - 42 Street,Q,12,40.756,-73.987,2412
34 Street - Herald Square,Q,13,40.749338,-73.987985,2413
28 Street,Q,14,40.745241,-73.988757,2414
23 Street,Q,15,40.741339,-73.989272,2415
14 Street - Union Square,Q,16,40.734722,-73.990278,2416
8 Street - New York University,Q,17,40.730543,-73.992448,2417
Prince Street,Q,18,40.724202,-73.997812,2418
Canal Street,Q,19,40.718056,-74,2419
Dekalb Avenue,Q,20,40.690254,-73.982277,2420
Atlantic Avenue,Q,21,40.684462,-73.978758,2421
7 Avenue,Q,22,40.679352,-73.973694,2422
Prospect Park,Q,23,40.661507,-73.962461,2423
Parkside Avenue,Q,24,40.65535,-73.961651,2424
Church Avenue,Q,25,40.64966,-73.963646,2425
Beverley Road,Q,26,40.644625,-73.964472,2426
Cortelyou Road,Q,27,40.641597,-73.9643,2427
Newkirk Plaza,Q,28,40.6357,-73.963,2428
Avenue H,Q,29,40.630003,-73.962016,2429
Avenue J,Q,30,40.625276,-73.961372,2430
Avenue M,Q,31,40.618269,-73.95961,2431
Kings Highway,Q,32,40.609229,-73.95884,2432
Avenue U,Q,33,40.598875,-73.955841,2433
Neck Road,Q,34,40.595124,-73.95528,2434
Sheepshead Bay,Q,35,40.587168,-73.953266,2435
Brighton Beach,Q,36,40.577598,-73.961565,2436
Ocean Parkway,Q,37,40.576252,-73.968587,2437
West 8 Street - New York Aquarium,Q,38,40.576178,-73.9758,2438
Coney Island - Stillwell Avenue,Q,39,40.577342,-73.981139,2439
Forest Hills - 71 Avenue,R,1,40.721404,-73.844004,2501
67 Avenue,R,2,40.726966,-73.853703,2502
63 Drive / Rego Park,R,3,40.73,-73.862,2503
Woodhaven Boulevard,R,4,40.73347,-73.870397,2504
Grand Avenue - Newtown,R,5,40.73695,-73.877521,2505
Elmhurst Avenue,R,6,40.741795,-73.88104,2506
Jackson Heights - Roosevelt Avenue,R,7,40.746764,-73.891519,2507
65 Street,R,8,40.7494,-73.8973,2508
Northern Boulevard,R,9,40.753239,-73.906918,2509
46 Street,R,10,40.756685,-73.914256,2510
Steinway Street,R,11,40.758668,-73.918934,2511
36 Street,R,12,40.752036,-73.927903,2512
Queens Plaza,R,13,40.748915,-73.937387,2513
Lexington Avenue,R,14,40.762471,-73.9679,2514
5 Avenue,R,15,40.764779,-73.972621,2515
57 Street,R,16,40.765461,-73.980088,2516
49 Street,R,17,40.760423,-73.983779,2517
Times Square - 42 Street,R,18,40.756,-73.987,2518
34 Street - Herald Square,R,19,40.749338,-73.987985,2519
28 Street,R,20,40.745241,-73.988757,2520
23 Street,R,21,40.741339,-73.989272,2521
14 Street - Union Square,R,22,40.734722,-73.990278,2522
8 Street - New York University,R,23,40.730543,-73.992448,2523
Prince Street,R,24,40.724202,-73.997812,2524
Canal Street,R,25,40.718056,-74,2525
City Hall,R,26,40.71324,-74.007082,2526
Cortlandt Street,R,27,40.710735,-74.011245,2527
Rector Street,R,28,40.70771,-74.013004,2528
Whitehall Street South Ferry,R,29,40.702472,-74.012833,2529
Court Street - Borough Hall,R,30,40.693655,-73.990216,2530
Jay Street - Metro Tech,R,31,40.693681,-73.987233,2531
Dekalb Avenue,R,32,40.690254,-73.982277,2532
Atlantic Avenue,R,33,40.684462,-73.978758,2533
Union Street,R,34,40.678108,-73.98391,2534
9 Street,R,35,40.670956,-73.991397,2535
Prospect Avenue,R,36,40.666789,-73.994079,2536
25 Street,R,37,40.6605,-73.998,2537
36 Street,R,38,40.65445,-74.00455,2538
45 Street,R,39,40.649447,-74.009381,2539
53 Street,R,40,40.643611,-74.015517,2540
59 Street,R,41,40.641078,-74.018181,2541
Bay Ridge Avenue,R,42,40.633678,-74.023853,2542
77 Street,R,43,40.628497,-74.025936,2543
86 Street,R,44,40.622694,-74.028383,2544
Bay Ridge - 95 Street,R,45,40.616167,-74.031222,2545
42 Street - Times Square,S1,1,40.756,-73.987,2601
42 Street - Grand Central,S1,2,40.752283,-73.977519,2602
Franklin Avenue,S2,1,40.681126,-73.955712,2701
Park Place,S2,2,40.674357,-73.957858,2702
Botanic Garden,S2,3,40.670711,-73.958545,2703
Prospect Park,S2,4,40.661507,-73.962461,2704
Broad Channel,S3,1,40.608618,-73.816,2801
Beach 90 Street,S3,2,40.588095,-73.813499,2802
Beach 98 Street,S3,3,40.585441,-73.820186,2803
Beach 105 Street,S3,4,40.538217,-73.827594,2804
Rockaway Park - Beach 116 Street,S3,5,40.580725,-73.83618,2805